{
 "n": 196,
 "alpha": 0.05,
 "rf_difficulty_cv_r2": -0.08602329615709592,
 "hetero_spearman": {
  "posterior_std": 0.18460422825905062,
  "rMATS_SE": 0.16966301760151606,
  "log_support": -0.1130946902373657,
  "psi_extremity": -0.2631322267290361
 },
 "scales": {
  "ones (baseline, constant)": {
   "coverage": 0.9489795918367347,
   "wilson": [
    0.908644342885338,
    0.9720537917190254
   ],
   "width": 0.5777725221322346,
   "iscore": 0.7536906626648834
  },
  "posterior_std": {
   "coverage": 0.9642857142857143,
   "wilson": [
    0.928127686768788,
    0.982594247878906
   ],
   "width": 0.9961692617774097,
   "iscore": 1.0837192996876208
  },
  "rMATS_SE": {
   "coverage": 0.9540816326530612,
   "wilson": [
    0.9150491550773298,
    0.9756569128748104
   ],
   "width": 1.0802989703119208,
   "iscore": 1.274513378482887
  },
  "max(pstd, rMATS_SE)": {
   "coverage": 0.9642857142857143,
   "wilson": [
    0.928127686768788,
    0.982594247878906
   ],
   "width": 0.9963555939334348,
   "iscore": 1.1591391018841524
  },
  "learned-linear (cross-fit)": {
   "coverage": 0.9591836734693877,
   "wilson": [
    0.9215389666644423,
    0.9791750346354747
   ],
   "width": 0.5599404944841435,
   "iscore": 0.7620878371580584
  },
  "learned-RF (cross-fit)": {
   "coverage": 0.9438775510204082,
   "wilson": [
    0.9023137139649114,
    0.968376487291675
   ],
   "width": 0.6172453572418212,
   "iscore": 0.8761623175319996
  }
 }
}