{
  "n": 162,
  "alpha": 0.05,
  "k_folds": 9,
  "n_seeds": 20,
  "support_bin_counts": {
    "20-49": 2,
    "50-99": 6,
    "100-249": 23,
    "250+": 131
  },
  "target_coverage": 0.95,
  "policies": {
    "A_per_bin_current": {
      "overall_coverage": 0.953395061728395,
      "mean_width": 0.6103360470011948,
      "coverage_by_bin": {
        "20-49": 1.0,
        "50-99": 0.8333333333333334,
        "100-249": 0.9586956521739131,
        "250+": 0.9572519083969465
      }
    },
    "B_min_bin_n_50": {
      "overall_coverage": 0.9555555555555556,
      "mean_width": 0.6164591949427068,
      "coverage_by_bin": {
        "20-49": 1.0,
        "50-99": 0.8333333333333334,
        "100-249": 0.9739130434782609,
        "250+": 0.9572519083969465
      }
    },
    "C_global_only": {
      "overall_coverage": 0.9518518518518518,
      "mean_width": 0.5774335140759186,
      "coverage_by_bin": {
        "20-49": 1.0,
        "50-99": 0.8333333333333334,
        "100-249": 0.9739130434782609,
        "250+": 0.9526717557251908
      }
    }
  }
}