{
  "alpha": 0.05,
  "k": 5,
  "seeds": [
    0,
    1,
    2,
    3,
    4,
    5,
    6,
    7,
    8,
    9
  ],
  "min_bin_n": 10,
  "nominal": 0.95,
  "dpsi_datasets": [
    "tra2",
    "circ",
    "srs",
    "jurkat"
  ],
  "n_dpsi": 212,
  "n_pacbio": 252,
  "orientation": {
    "tra2": {
      "corr": 0.7794136892655366,
      "flipped": false
    },
    "circ": {
      "corr": 0.9864808717642197,
      "flipped": false
    },
    "srs": {
      "corr": 0.9439132526832932,
      "flipped": false
    },
    "jurkat": {
      "corr": 0.7574181216834718,
      "flipped": false
    }
  },
  "dpsi": {
    "n": 212,
    "partitions": {
      "dataset": {
        "bins": [
          {
            "bin": "dataset:circ",
            "k": 49,
            "n": 50,
            "coverage": 0.98,
            "wilson": [
              0.8950455641036219,
              0.9964607407283539
            ],
            "mean_width": 0.5706574229054712,
            "mean_iscore": 0.6253981526173975,
            "binom_p": 0.5190237913705956,
            "descriptive_only": false,
            "holm_p": 1.0
          },
          {
            "bin": "dataset:jurkat",
            "k": 15,
            "n": 16,
            "coverage": 0.9375,
            "wilson": [
              0.7167126242970107,
              0.9888806552353576
            ],
            "mean_width": 0.6055349001037174,
            "mean_iscore": 0.8408288467828335,
            "binom_p": 0.5598733313482346,
            "descriptive_only": false,
            "holm_p": 1.0
          },
          {
            "bin": "dataset:srs",
            "k": 32,
            "n": 34,
            "coverage": 0.9411764705882353,
            "wilson": [
              0.80906393095719,
              0.9837173447898772
            ],
            "mean_width": 0.6427061546762224,
            "mean_iscore": 0.759046618043195,
            "binom_p": 0.6871559525995212,
            "descriptive_only": false,
            "holm_p": 1.0
          },
          {
            "bin": "dataset:tra2",
            "k": 104,
            "n": 112,
            "coverage": 0.9285714285714286,
            "wilson": [
              0.8653547472690817,
              0.9633640981021094
            ],
            "mean_width": 0.6390522756159098,
            "mean_iscore": 0.9328071681953636,
            "binom_p": 0.27554198128391927,
            "descriptive_only": false,
            "holm_p": 1.0
          }
        ],
        "gate": {
          "n_eligible_bins": 4,
          "has_disjoint_pair": false,
          "n_bins_excluding_0.95": 0,
          "bins_excluding_0.95": [],
          "max_abs_gap": 0.030000000000000027,
          "worst_bin_coverage": 0.9285714285714286,
          "best_bin_coverage": 0.98,
          "partition_go": false
        },
        "seed_sweep": {
          "max_abs_gap_mean": 0.03400000000000003,
          "max_abs_gap_min": 0.030000000000000027,
          "max_abs_gap_max": 0.050000000000000044,
          "frac_seeds_partition_go": 0.0
        }
      },
      "boundary_proximity": {
        "bins": [
          {
            "bin": "bd:[0,0.05)",
            "k": 105,
            "n": 112,
            "coverage": 0.9375,
            "wilson": [
              0.8765857436536744,
              0.9693980776627498
            ],
            "mean_width": 0.6097572892970381,
            "mean_iscore": 0.817870184829074,
            "binom_p": 0.5115115298805035,
            "descriptive_only": false,
            "holm_p": 1.0
          },
          {
            "bin": "bd:[0.05,0.15)",
            "k": 50,
            "n": 52,
            "coverage": 0.9615384615384616,
            "wilson": [
              0.8701881084254424,
              0.9893882889986847
            ],
            "mean_width": 0.6249534026428645,
            "mean_iscore": 0.8620397603867824,
            "binom_p": 1.0,
            "descriptive_only": false,
            "holm_p": 1.0
          },
          {
            "bin": "bd:[0.15,0.5001)",
            "k": 45,
            "n": 48,
            "coverage": 0.9375,
            "wilson": [
              0.8316456194505365,
              0.9785167670916107
            ],
            "mean_width": 0.6428520903376927,
            "mean_iscore": 0.8037005997869908,
            "binom_p": 0.5182119548975369,
            "descriptive_only": false,
            "holm_p": 1.0
          }
        ],
        "gate": {
          "n_eligible_bins": 3,
          "has_disjoint_pair": false,
          "n_bins_excluding_0.95": 0,
          "bins_excluding_0.95": [],
          "max_abs_gap": 0.012499999999999956,
          "worst_bin_coverage": 0.9375,
          "best_bin_coverage": 0.9615384615384616,
          "partition_go": false
        },
        "seed_sweep": {
          "max_abs_gap_mean": 0.01762820512820512,
          "max_abs_gap_min": 0.011538461538461608,
          "max_abs_gap_max": 0.03076923076923077,
          "frac_seeds_partition_go": 0.0
        }
      },
      "abs_dpsi": {
        "bins": [
          {
            "bin": "adp:[0,0.1)",
            "k": 57,
            "n": 60,
            "coverage": 0.95,
            "wilson": [
              0.8629948352365147,
              0.9828504978356043
            ],
            "mean_width": 0.6429209911549975,
            "mean_iscore": 0.814162905103991,
            "binom_p": 1.0,
            "descriptive_only": false,
            "holm_p": 1.0
          },
          {
            "bin": "adp:[0.1,0.3)",
            "k": 60,
            "n": 64,
            "coverage": 0.9375,
            "wilson": [
              0.8500251490779133,
              0.9754287986033819
            ],
            "mean_width": 0.6355089293968444,
            "mean_iscore": 0.8907918397170643,
            "binom_p": 0.5625119748601057,
            "descriptive_only": false,
            "holm_p": 1.0
          },
          {
            "bin": "adp:[0.3,1.0001)",
            "k": 83,
            "n": 88,
            "coverage": 0.9431818181818182,
            "wilson": [
              0.8738006734299275,
              0.9754889720261908
            ],
            "mean_width": 0.5954484400478249,
            "mean_iscore": 0.7857352838933293,
            "binom_p": 0.6286547509771552,
            "descriptive_only": false,
            "holm_p": 1.0
          }
        ],
        "gate": {
          "n_eligible_bins": 3,
          "has_disjoint_pair": false,
          "n_bins_excluding_0.95": 0,
          "bins_excluding_0.95": [],
          "max_abs_gap": 0.012499999999999956,
          "worst_bin_coverage": 0.9375,
          "best_bin_coverage": 0.95,
          "partition_go": false
        },
        "seed_sweep": {
          "max_abs_gap_mean": 0.016874999999999984,
          "max_abs_gap_min": 0.012499999999999956,
          "max_abs_gap_max": 0.028124999999999956,
          "frac_seeds_partition_go": 0.0
        }
      },
      "support": {
        "bins": [
          {
            "bin": "support:100-249",
            "k": 26,
            "n": 27,
            "coverage": 0.9629629629629629,
            "wilson": [
              0.8171653406642414,
              0.9934318540192149
            ],
            "mean_width": 0.5180005712328503,
            "mean_iscore": 0.6536521497553404,
            "binom_p": 1.0,
            "descriptive_only": false,
            "holm_p": 1.0
          },
          {
            "bin": "support:20-49",
            "k": 2,
            "n": 2,
            "coverage": 1.0,
            "wilson": [
              0.34238022750665303,
              1.0
            ],
            "mean_width": 0.6882212342542604,
            "mean_iscore": 0.6882212342542604,
            "binom_p": 1.0,
            "descriptive_only": true,
            "holm_p": null
          },
          {
            "bin": "support:250+",
            "k": 166,
            "n": 176,
            "coverage": 0.9431818181818182,