{
 "datasets": {
  "TRA2 (GSE59335, human)": {
   "n_common": 62,
   "n_full": 112,
   "n_majiq": 68,
   "orient_corr": 0.8069960415084434,
   "methods": {
    "MAJIQ": {
     "coverage": 0.5645161290322581,
     "wilson95": [
      0.44092987972148767,
      0.6805741109751094
     ],
     "width": 0.1751954903600158,
     "iscore": 1.819010640428897
    },
    "betAS": {
     "coverage": 0.6935483870967742,
     "wilson95": [
      0.5703278379461328,
      0.7941841341436585
     ],
     "width": 0.22260243657092998,
     "iscore": 1.5921247154596807
    },
    "rMATS": {
     "coverage": 0.7096774193548387,
     "wilson95": [
      0.587123542650136,
      0.8077644271138047
     ],
     "width": 0.24690852275714886,
     "iscore": 1.6299812032149645
    },
    "BRAID-conformal": {
     "coverage": 0.967741935483871,
     "wilson95": [
      0.8897953040501456,
      0.9911086285001833
     ],
     "width": 0.8012713514535442,
     "iscore": 0.8665335611145845
    }
   }
  },
  "Circadian (GSE54651, mouse)": {
   "n_common": 50,
   "n_full": 50,
   "n_majiq": 50,
   "orient_corr": 0.9620936944156695,
   "methods": {
    "MAJIQ": {
     "coverage": 0.52,
     "wilson95": [
      0.38511744890044614,
      0.6520286471342196
     ],
     "width": 0.18690216556573952,
     "iscore": 2.4454012950626005
    },
    "betAS": {
     "coverage": 0.7,
     "wilson95": [
      0.562496495355466,
      0.8089644649911906
     ],
     "width": 0.2754955528482783,
     "iscore": 1.1993108143594016
    },
    "rMATS": {
     "coverage": 0.66,
     "wilson95": [
      0.521538260502326,
      0.7756305077749992
     ],
     "width": 0.32797986821282443,
     "iscore": 1.3367036048762642
    },
    "BRAID-conformal": {
     "coverage": 0.96,
     "wilson95": [
      0.8653990931249297,
      0.9889611156723802
     ],
     "width": 0.5718405420857766,
     "iscore": 0.6728244636294908
    }
   }
  },
  "PC3E/GS689 (SRA, human)": {
   "n_common": 27,
   "n_full": 34,
   "n_majiq": 27,
   "orient_corr": 0.9584602425315021,
   "methods": {
    "MAJIQ": {
     "coverage": 0.4074074074074074,
     "wilson95": [
      0.24514757074395552,
      0.592732990319353
     ],
     "width": 0.14328062639574662,
     "iscore": 1.7987884214814838
    },
    "betAS": {
     "coverage": 0.8888888888888888,
     "wilson95": [
      0.7194219918172017,
      0.9614796517169016
     ],
     "width": 1.061709559714979,
     "iscore": 1.4024140122803628
    },
    "rMATS": {
     "coverage": 0.4074074074074074,
     "wilson95": [
      0.24514757074395552,
      0.592732990319353
     ],
     "width": 0.15808723975511693,
     "iscore": 2.1496655561954805
    },
    "BRAID-conformal": {
     "coverage": 0.9629629629629629,
     "wilson95": [
      0.8171653406642414,
      0.9934318540192149
     ],
     "width": 0.6210886317895528,
     "iscore": 0.7554279556120526
    }
   }
  }
 },
 "pooled_common": {
  "n": 139,
  "n_genes": 135,
  "methods": {
   "MAJIQ": {
    "coverage": 0.5179856115107914,
    "wilson95": [
     0.43555788224628234,
     0.5994459607645651
    ],
    "width": 0.17320723448412312,
    "iscore": 2.0404029628756954
   },
   "betAS": {
    "coverage": 0.7338129496402878,
    "wilson95": [
     0.6547745787953644,
     0.8002753803456516
    ],
    "width": 0.40462076850443174,
    "iscore": 1.4139744705614394
   },
   "rMATS": {
    "coverage": 0.6330935251798561,
    "wilson95": [
     0.5503958265388406,
     0.70863261174143
    ],
    "width": 0.25881782226599004,
    "iscore": 1.6254315457584103
   },
   "BRAID-conformal": {
    "coverage": 0.9712230215827338,
    "wilson95": [
     0.9283471952470506,
     0.988753491637151
    ],
    "width": 0.612183690156928,
    "iscore": 0.720490779754008
   }
  },
  "mcnemar_vs_braid": {
   "MAJIQ": {
    "b": 63,
    "c": 0,
    "p": 2.168404344971009e-19
   },
   "betAS": {
    "b": 33,
    "c": 0,
    "p": 2.3283064365386963e-10
   },
   "rMATS": {
    "b": 48,
    "c": 1,
    "p": 1.7763568394002505e-13
   }
  }
 },
 "full_rmats_matched": {
  "n": 196,
  "methods": {
   "betAS (real tool)": {
    "coverage": 0.7653061224489796,
    "wilson95": [
     0.7012264514981199,
     0.8191860825862765
    ],
    "width": 0.4231186205659254,
    "iscore": 1.2907786546237523
   },
   "rMATS (per-rep CI)": {
    "coverage": 0.6785714285714286,
    "wilson95": [
     0.6102970854791676,
     0.7399805816930225
    ],
    "width": 0.31904343765363286,
    "iscore": 1.5166050267643718
   },
   "BRAID-conformal": {
    "coverage": 0.9489795918367347,
    "wilson95": [
     0.908644342885338,
     0.9720537917190254
    ],
    "width": 0.5777725221322346,
    "iscore": 0.7536906626648834
   }
  }
 }
}