{
 "dataset": "TRA2 (GSE59335, human)",
 "n": 112,
 "n_positive": 76,
 "n_negative": 36,
 "effect_cutoff": 0.1,
 "fdr_threshold": 0.05,
 "tier_order": [
  "high-confidence",
  "supported",
  "caller-significant-only",
  "not-significant"
 ],
 "interval_variants": {
  "cross_fit": {
   "high-confidence": {
    "n": 15,
    "rtpcr_coverage": 0.9333333333333333,
    "rtpcr_positive_rate": 0.9333333333333333,
    "mean_abs_truth": 0.4813333333333333,
    "mean_abs_dpsi": 0.47765157851885287
   },
   "supported": {
    "n": 1,
    "rtpcr_coverage": 1.0,
    "rtpcr_positive_rate": 1.0,
    "mean_abs_truth": 0.27,
    "mean_abs_dpsi": 0.331660215013761
   },
   "caller-significant-only": {
    "n": 45,
    "rtpcr_coverage": 0.9555555555555556,
    "rtpcr_positive_rate": 0.8444444444444444,
    "mean_abs_truth": 0.25822222222222224,
    "mean_abs_dpsi": 0.20483063043766772
   },
   "not-significant": {
    "n": 51,
    "rtpcr_coverage": 0.9803921568627451,
    "rtpcr_positive_rate": 0.45098039215686275,
    "mean_abs_truth": 0.060588235294117644,
    "mean_abs_dpsi": 0.05804417434530497
   },
   "ALL": {
    "n": 112,
    "rtpcr_coverage": 0.9642857142857143,
    "rtpcr_positive_rate": 0.6785714285714286
   },
   "_positive_rate_monotone_hc_gt_ns": true
  },
  "transfer": {
   "high-confidence": {
    "n": 30,
    "rtpcr_coverage": 0.8666666666666667,
    "rtpcr_positive_rate": 0.9666666666666667,
    "mean_abs_truth": 0.43466666666666676,
    "mean_abs_dpsi": 0.39787834479715356
   },
   "supported": {
    "n": 2,
    "rtpcr_coverage": 0.5,
    "rtpcr_positive_rate": 0.5,
    "mean_abs_truth": 0.135,
    "mean_abs_dpsi": 0.3067507853650911
   },
   "caller-significant-only": {
    "n": 30,
    "rtpcr_coverage": 0.9333333333333333,
    "rtpcr_positive_rate": 0.7666666666666667,
    "mean_abs_truth": 0.19333333333333333,
    "mean_abs_dpsi": 0.1481933901187745
   },
   "not-significant": {
    "n": 50,
    "rtpcr_coverage": 0.98,
    "rtpcr_positive_rate": 0.46,
    "mean_abs_truth": 0.061799999999999994,
    "mean_abs_dpsi": 0.053568230717882644
   },
   "ALL": {
    "n": 112,
    "rtpcr_coverage": 0.9285714285714286,
    "rtpcr_positive_rate": 0.6785714285714286
   },
   "_positive_rate_monotone_hc_gt_ns": true
  },
  "default": {
   "high-confidence": {
    "n": 16,
    "rtpcr_coverage": 0.9375,
    "rtpcr_positive_rate": 0.9375,
    "mean_abs_truth": 0.47687499999999994,
    "mean_abs_dpsi": 0.47003066376341146
   },
   "supported": {
    "n": 1,
    "rtpcr_coverage": 0.0,
    "rtpcr_positive_rate": 0.0,
    "mean_abs_truth": 0.0,
    "mean_abs_dpsi": 0.2818413557164212
   },
   "caller-significant-only": {
    "n": 44,
    "rtpcr_coverage": 0.9318181818181818,
    "rtpcr_positive_rate": 0.8409090909090909,
    "mean_abs_truth": 0.25477272727272726,
    "mean_abs_dpsi": 0.201401396074165
   },
   "not-significant": {
    "n": 51,
    "rtpcr_coverage": 0.9803921568627451,
    "rtpcr_positive_rate": 0.47058823529411764,
    "mean_abs_truth": 0.06588235294117648,
    "mean_abs_dpsi": 0.05902101472368418
   },
   "ALL": {
    "n": 112,
    "rtpcr_coverage": 0.9464285714285714,
    "rtpcr_positive_rate": 0.6785714285714286
   },
   "_positive_rate_monotone_hc_gt_ns": true
  }
 },
 "source": "benchmarks/headtohead/per_tier_validation.py (reuses detection_filter_sweep.build; TRA2 76 pos + 36 neg)",
 "caveats": "Per-tier coverage is empirical, not a transferred conformal guarantee (each tier is a post-hoc selected subset). The 'supported' tier is tiny on TRA2 because rMATS flags almost every large effect. TRA2-only."
}