{
  "condition": "HepG2",
  "n_per_type": 400,
  "seed": 0,
  "by_type": {
    "SE": {
      "n": 400,
      "pearson_r": 0.9700998058990311
    },
    "A3SS": {
      "n": 400,
      "pearson_r": 0.9658851353409705
    },
    "A5SS": {
      "n": 400,
      "pearson_r": 0.9679534347907252
    }
  }
}