{
  "n": 46160,
  "alpha": 0.05,
  "by_type": {
    "SE": 39697,
    "A3SS": 3629,
    "A5SS": 2834
  },
  "braid_vs_rmats_corr": 0.9621638857473359,
  "median_abs_residual": 0.01091198550020217,
  "constant_support": {
    "by_type": {
      "A3SS": {
        "n": 3629,
        "coverage": 0.9308349407550289,
        "wilson": [
          0.9221158353026295,
          0.9386428945911596
        ],
        "mean_width": 0.2428231841435693,
        "excludes_0.95": true
      },
      "A5SS": {
        "n": 2834,
        "coverage": 0.9336626676076217,
        "wilson": [
          0.9239003707637626,
          0.9422509050095701
        ],
        "mean_width": 0.2566021458462175,
        "excludes_0.95": true
      },
      "SE": {
        "n": 39697,
        "coverage": 0.953044310653198,
        "wilson": [
          0.950919123444674,
          0.9550818246034546
        ],
        "mean_width": 0.26830474575476015,
        "excludes_0.95": true
      }
    },
    "max_abs_gap": 0.019165059244971028,
    "pooled_interval_score": 0.4196676222305708,
    "mean_width": 0.2655829572966185,
    "n_types_excluding_0.95": 3
  },
  "adaptive_event_type": {
    "by_type": {
      "A3SS": {
        "n": 3629,
        "coverage": 0.949572885092312,
        "wilson": [
          0.9419658764978476,
          0.9562291141140595
        ],
        "mean_width": 0.3160076687115346,
        "excludes_0.95": false
      },
      "A5SS": {
        "n": 2834,
        "coverage": 0.9488355681016232,
        "wilson": [
          0.9400987596217347,
          0.956357239388582
        ],
        "mean_width": 0.3309356817502741,
        "excludes_0.95": false
      },
      "SE": {
        "n": 39697,
        "coverage": 0.9500466030178603,
        "wilson": [
          0.9478597076252885,
          0.9521464052693621
        ],
        "mean_width": 0.29902933539280707,
        "excludes_0.95": false
      }
    },
    "max_abs_gap": 0.0011644318983767832,
    "pooled_interval_score": 0.5127360276941196,
    "mean_width": 0.302323030305951,
    "n_types_excluding_0.95": 0
  },
  "adaptive_composite": {
    "by_type": {
      "A3SS": {
        "n": 3629,
        "coverage": 0.9481950950675118,
        "wilson": [
          0.9404985192511546,
          0.9549438051314794
        ],
        "mean_width": 0.28801143032087506,
        "excludes_0.95": false
      },
      "A5SS": {
        "n": 2834,
        "coverage": 0.9470712773465068,
        "wilson": [
          0.9382064791728225,
          0.9547257148099381
        ],
        "mean_width": 0.29835447534031057,
        "excludes_0.95": false
      },
      "SE": {
        "n": 39697,
        "coverage": 0.9501473662997204,
        "wilson": [
          0.9479625093817782,
          0.9522451105768549
        ],
        "mean_width": 0.2604796223894319,
        "excludes_0.95": false
      }
    },
    "max_abs_gap": 0.0029287226534931987,
    "pooled_interval_score": 0.422634901035986,
    "mean_width": 0.264969446138262,
    "n_types_excluding_0.95": 0
  }
}