key	truth	is_positive	support
ev0	0.18000	1	1003
ev1	-0.07000	1	538
ev2	0.13000	1	344
ev3	-0.10000	1	64
ev4	-0.08000	1	178
ev5	-0.10000	1	1908
ev6	0.07000	1	630
ev7	0.14000	1	207
ev8	-0.10000	1	1151
ev9	-0.29000	1	715
ev10	-0.12000	1	311
ev11	0.08000	1	369
ev12	0.63000	1	334
ev13	0.36000	1	218
ev14	0.09000	1	633
ev15	-0.21000	1	122
