{
  "dataset": "TRA2 (GSE59335) \u2014 REAL betAS",
  "n_targets": 127,
  "n_matched": 112,
  "n_unmatched": 15,
  "n_positive": 76,
  "n_negative": 36,
  "methods": {
    "rMATS-perRep": {
      "per_level": {
        "0.50": {
          "coverage": 0.25,
          "width": 0.06323329480108718,
          "interval_score": 0.33027431521962436
        },
        "0.80": {
          "coverage": 0.42857142857142855,
          "width": 0.12014523263447408,
          "interval_score": 0.6613134278009929
        },
        "0.90": {
          "coverage": 0.5178571428571429,
          "width": 0.15420473664340067,
          "interval_score": 1.1303955375172279
        },
        "0.95": {
          "coverage": 0.5535714285714286,
          "width": 0.18374627694179993,
          "interval_score": 1.98433126038869
        },
        "0.99": {
          "coverage": 0.6517857142857143,
          "width": 0.24148354168649142,
          "interval_score": 8.039943424616677
        }
      },
      "coverage95": 0.5535714285714286,
      "width95": 0.18374627694179993,
      "interval_score95": 1.98433126038869,
      "rmse_point": 0.14589365419144637,
      "direction_acc": 0.9285714285714286,
      "sensitivity95": 0.7105263157894737,
      "fpr95": 0.3888888888888889,
      "detection_auc": 0.7759502923976608
    },
    "betAS(real)": {
      "per_level": {
        "0.50": {
          "coverage": 0.4732142857142857,
          "width": 0.12370129292938763,
          "interval_score": 0.33340999799596865
        },
        "0.80": {
          "coverage": 0.6339285714285714,
          "width": 0.20659355082826855,
          "interval_score": 0.6055655509871309
        },
        "0.90": {
          "coverage": 0.6964285714285714,
          "width": 0.251128232385126,
          "interval_score": 0.9515926782407375
        },
        "0.95": {
          "coverage": 0.75,
          "width": 0.2883983713014601,
          "interval_score": 1.5655545118165861
        },
        "0.99": {
          "coverage": 0.7946428571428571,
          "width": 0.3602668424342735,
          "interval_score": 5.835310472564261
        }
      },
      "coverage95": 0.75,
      "width95": 0.2883983713014601,
      "interval_score95": 1.5655545118165861,
      "rmse_point": 0.14553015505349495,
      "direction_acc": 0.9285714285714286,
      "sensitivity95": 0.5921052631578947,
      "fpr95": 0.1388888888888889,
      "detection_auc": 0.7843567251461988
    },
    "BRAID-Jeffreys": {
      "per_level": {
        "0.50": {
          "coverage": 0.17857142857142858,
          "width": 0.035352629226820795,
          "interval_score": 0.3322829905029026
        },
        "0.80": {
          "coverage": 0.2767857142857143,
          "width": 0.06717339491128693,
          "interval_score": 0.7074891953174868
        },
        "0.90": {
          "coverage": 0.3482142857142857,
          "width": 0.08653223191194782,
          "interval_score": 1.2662012757001244
        },
        "0.95": {
          "coverage": 0.39285714285714285,
          "width": 0.10328021292706212,
          "interval_score": 2.3064913066794976
        },
        "0.99": {
          "coverage": 0.5089285714285714,
          "width": 0.13644890483489663,
          "interval_score": 9.910310233253059
        }
      },
      "coverage95": 0.39285714285714285,
      "width95": 0.10328021292706212,
      "interval_score95": 2.3064913066794976,
      "rmse_point": 0.14023883483353514,
      "direction_acc": 0.9571428571428572,
      "sensitivity95": 0.868421052631579,
      "fpr95": 0.6388888888888888,
      "detection_auc": 0.7828947368421053
    },
    "BRAID-conformal": {
      "per_level": {
        "0.50": {
          "coverage": 0.5089285714285714,
          "width": 0.11370580039878275,
          "interval_score": 0.31902378468464615
        },
        "0.80": {
          "coverage": 0.8035714285714286,
          "width": 0.35192475598175654,
          "interval_score": 0.6234953178960564
        },
        "0.90": {
          "coverage": 0.9196428571428571,
          "width": 0.905763540983852,
          "interval_score": 1.06511971135819
        },
        "0.95": {
          "coverage": 0.9553571428571429,
          "width": 1.340624653377654,
          "interval_score": 1.561139421743844
        },
        "0.99": {
          "coverage": 1.0,
          "width": 2.0,
          "interval_score": 2.0
        }
      },
      "coverage95": 0.9553571428571429,
      "width95": 1.340624653377654,
      "interval_score95": 1.561139421743844,
      "rmse_point": 0.14033848152162792,
      "direction_acc": 0.9571428571428572,
      "sensitivity95": 0.039473684210526314,
      "fpr95": 0.0,
      "detection_auc": 0.7832602339181286
    },
    "BRAID-conformal-abs": {
      "per_level": {
        "0.50": {
          "coverage": 0.49107142857142855,
          "width": 0.11021440235803778,
          "interval_score": 0.322369783570515
        },
        "0.80": {
          "coverage": 0.8303571428571429,
          "width": 0.33169962657202373,
          "interval_score": 0.5825446011461857
        },
        "0.90": {
          "coverage": 0.9107142857142857,
          "width": 0.5707477876918017,
          "interval_score": 0.8262757728180663
        },
        "0.95": {
          "coverage": 0.9553571428571429,
          "width": 0.7390162400848906,
          "interval_score": 0.9340981313294519
        },
        "0.99": {
          "coverage": 1.0,
          "width": 2.0,
          "interval_score": 2.0
        }
      },
      "coverage95": 0.9553571428571429,
      "width95": 0.7390162400848906,
      "interval_score95": 0.9340981313294519,
      "rmse_point": 0.14033848152162792,
      "direction_acc": 0.9571428571428572,
      "sensitivity95": 0.17105263157894737,
      "fpr95": 0.027777777777777776,
      "detection_auc": 0.7832602339181286
    }
  },
  "length_norm_diagnostic": {
    "braid_jeffreys_normalized_rmse_vs_rtpcr": 0.14033848152162792,
    "braid_jeffreys_raw_rmse_vs_rtpcr": 0.17220753330554284
  }
}